Date,Open,High,Low,Close,Adj Close,Volume
2024-10-01,12414.25,12500.0,12112.0996,12157.4502,11692.3984,670828.0
2024-10-03,11732.0,12018.8496,11700.0,11806.4502,11354.8242,670365.0
2024-10-04,11661.2002,11948.2998,11639.0,11774.4004,11324.0,650553.0
2024-10-07,11774.4004,11817.0,11525.0,11617.0498,11172.6689,341323.0
2024-10-08,11585.0,11936.8496,11562.2002,11889.0996,11434.3115,359432.0
2024-10-09,11944.0,11988.7998,11802.0,11818.0996,11366.0283,193883.0
2024-10-10,11821.5,12030.9502,11803.0996,11832.0,11379.3965,251378.0
2024-10-11,11890.0,11930.6504,11705.5996,11876.9502,11422.6279,200855.0
2024-10-14,11928.7998,11990.0996,11861.5996,11899.2998,11444.1221,177045.0
2024-10-15,11950.0,11950.0,11467.0,11521.5,11080.7734,476945.0
2024-10-16,11537.9004,11680.0,11381.1504,11616.9502,11172.5732,504602.0
2024-10-17,11222.2002,11287.3496,10071.0,10119.4502,9732.3555,3668914.0
2024-10-18,10049.5498,10149.0996,9841.0996,10063.9502,9678.9795,1543331.0
2024-10-21,10063.0,10829.8496,9881.4004,10500.5,10098.8301,2110278.0
2024-10-22,10500.5,10614.9502,10320.0,10368.3496,9971.7354,1191148.0
2024-10-23,10368.0,10735.0996,10342.4502,10586.75,10181.7812,1323887.0
2024-10-24,10504.0,10593.4502,10210.0,10302.5,9908.4033,653421.0
2024-10-25,10300.0,10368.2002,9925.0,10206.0996,9815.6914,644769.0
2024-10-28,10206.0996,10292.75,9985.0,10011.25,9628.2949,340768.0
2024-10-29,10073.9502,10073.9502,9640.0,9850.8496,9474.0303,1100706.0
2024-10-30,9820.0,10057.75,9770.0,9940.6504,9560.3965,604822.0
2024-10-31,9940.0,10030.9004,9805.0,9836.2998,9460.0371,361801.0
2024-11-01,9905.0,9950.0,9838.7998,9875.9502,9498.1699,53757.0
2024-11-04,9896.5,9896.5,9365.0,9525.5498,9161.1738,1125992.0
2024-11-05,9530.0,10007.2998,9500.2002,9874.8496,9497.1123,1019901.0
2024-11-06,9883.4004,10054.0,9848.7998,10020.5,9637.1914,514045.0
2024-11-07,10070.5996,10079.7998,9789.9502,9856.6504,9479.6094,473407.0
2024-11-08,9856.6504,9991.0498,9777.25,9910.4004,9531.3037,273163.0
2024-11-11,9850.0498,10032.9004,9800.0,9919.3496,9539.9102,359768.0
2024-11-12,9900.0,9999.0,9662.0,9678.7002,9308.4658,316606.0
2024-11-13,9678.7002,9710.0,9416.0996,9452.1504,9090.582,494123.0
2024-11-14,9410.0,9516.9502,9400.0,9482.9502,9120.2041,275791.0
2024-11-18,9459.0498,9603.0,9435.8496,9516.5,9152.4697,292519.0
2024-11-19,9560.0,9698.5996,9500.4502,9545.7002,9180.5537,365397.0
2024-11-21,9473.5,9554.0,9414.3496,9505.0,9141.4111,282212.0
2024-11-22,9545.0,9602.9004,9444.0996,9481.6504,9118.9541,619823.0
2024-11-25,9560.0,9636.3496,9392.0,9420.9502,9060.5762,1090141.0
2024-11-26,9465.0,9484.0,9120.0996,9137.4502,8787.9199,750430.0
2024-11-27,9175.0,9256.9502,9103.0,9190.3496,8838.7969,461513.0
2024-11-28,9165.0996,9272.4004,8992.25,9013.5,8668.7119,687966.0
2024-11-29,9059.0996,9090.9004,8993.0,9033.6504,8688.0908,423101.0
2024-12-02,9078.7998,9175.0,9056.9502,9130.3496,8781.0908,298320.0
2024-12-03,9105.0,9225.0498,9105.0,9161.7998,8811.3379,398985.0
2024-12-04,9161.7998,9240.0,8951.0,8999.1504,8654.9111,456462.0
2024-12-05,9044.1504,9044.1504,8746.5,8891.9502,8551.8105,1803653.0
2024-12-06,8953.9004,9148.9502,8930.0996,9099.9004,8751.8066,746013.0
2024-12-09,9096.0,9171.0,9026.4004,9077.4502,8730.2148,304202.0
2024-12-10,9075.0996,9094.9004,8980.0,9013.2998,8668.5186,393944.0
2024-12-11,9045.0498,9108.4004,9013.6504,9069.8496,8722.9053,254311.0
2024-12-12,9095.0,9095.0,8944.0,8963.25,8620.3838,599056.0
2024-12-13,8964.1504,9051.0,8903.75,9021.4004,8676.3096,243931.0
2024-12-16,9064.0,9078.75,8970.0,8998.3496,8654.1406,228470.0
2024-12-17,8989.7998,8990.0,8851.4004,8895.0,8554.7441,456493.0
2024-12-18,8825.0,9006.25,8800.0,8956.75,8614.1318,303382.0
2024-12-19,8823.0,9003.0,8762.5498,8982.6504,8639.042,516640.0
2024-12-20,8950.0,9066.75,8759.4004,8787.25,8451.1152,316335.0
2024-12-23,8849.9502,8874.9502,8719.9004,8768.4502,8433.0352,514460.0
2024-12-24,8745.0,8854.0,8731.0,8778.0498,8442.2676,297827.0
2024-12-26,8810.0,8898.6504,8797.5996,8878.5,8538.876,240675.0
2024-12-27,8896.25,9179.1504,8896.25,8928.2998,8586.7705,713799.0
2024-12-30,8928.0,8962.4502,8737.5498,8779.9004,8444.0469,1065253.0
2024-12-31,8770.0,8839.75,8740.1504,8798.5996,8462.0312,294554.0
2025-01-01,8754.0498,8767.0,8551.0,8740.5498,8406.2021,558535.0
2025-01-02,8740.5,9107.2998,8677.5498,9079.5,8732.1865,734590.0
2025-01-03,9100.0,9109.9502,8945.0,8965.7002,8622.7402,337802.0
2025-01-06,9004.9502,9093.9004,8795.0,8823.8496,8486.3154,238306.0
2025-01-07,8870.0,8887.9502,8735.0996,8810.2998,8473.2842,270785.0
2025-01-08,8776.0,8830.9502,8612.0,8642.25,8311.6621,415288.0
2025-01-09,8719.9502,8898.0,8692.0996,8835.8496,8497.8564,612457.0
2025-01-10,8832.4502,8855.0,8642.0996,8764.0,8428.7559,350859.0
2025-01-13,8704.5,8749.9004,8551.0,8596.25,8267.4229,341577.0
2025-01-14,8620.0,8698.0,8525.0,8611.2002,8281.8008,355464.0
2025-01-15,8623.9004,8799.0,8561.2998,8578.0,8249.8711,347402.0
2025-01-16,8621.0,8639.9004,8549.7002,8581.9502,8253.6699,290855.0
2025-01-17,8565.8496,8666.5996,8531.2998,8581.4004,8253.1406,183057.0
2025-01-20,8600.0,8609.5996,8462.7002,8544.4004,8217.5557,294136.0
2025-01-21,8582.4502,8608.7998,8412.0996,8468.5498,8144.6069,343149.0
2025-01-22,8480.7998,8534.9502,8395.0,8460.8496,8137.2017,344305.0
2025-01-23,8439.1504,8502.2002,8375.6504,8399.9502,8078.6313,347894.0
2025-01-24,8414.4004,8489.9502,8360.0,8401.5,8080.1221,232317.0
2025-01-27,8378.0498,8418.9502,8290.3496,8384.5996,8063.8677,324406.0
2025-01-28,8426.4502,8489.0,8361.3496,8398.4004,8077.1411,651069.0
2025-01-29,8420.1504,8807.0,8420.1504,8625.8496,8295.8887,802600.0
2025-01-30,8659.9502,8824.2998,8602.5,8747.7998,8413.1748,322587.0
2025-01-31,8800.0,8959.9004,8744.0498,8847.7998,8509.3496,315913.0
2025-02-01,8887.9004,9178.0,8806.2998,9155.5996,8805.375,418755.0
2025-02-03,9150.0,9150.0,8886.5498,8926.5498,8585.0879,667412.0
2025-02-04,8950.0,9059.6504,8877.5996,8911.4004,8570.5176,440468.0
2025-02-05,8930.0,8968.0,8895.0,8927.7998,8586.29,329075.0
2025-02-06,8922.0,8961.6504,8811.0,8846.3496,8507.9541,580590.0
2025-02-07,8890.5498,9026.0,8851.0498,8989.4004,8645.5342,244178.0
2025-02-10,8989.4004,9069.7998,8845.8496,8880.5498,8540.8467,192650.0
2025-02-11,8830.0,8877.4502,8732.5498,8762.0,8426.8311,282926.0
2025-02-12,8732.0,8819.4004,8647.0,8711.5996,8378.3594,411042.0
2025-02-13,8715.0498,8777.0498,8651.4502,8691.3496,8358.8848,206920.0
2025-02-14,8700.0,8722.7002,8419.9004,8506.5,8181.105,369356.0
2025-02-17,8494.0,8552.0498,8382.6504,8537.1504,8210.583,224417.0
2025-02-18,8510.0996,8550.0,8390.4502,8446.5996,8123.4961,206278.0
2025-02-19,8440.0498,8527.7002,8405.0498,8479.5,8155.1387,200819.0
2025-02-20,8459.9502,8640.0,8459.9004,8630.2002,8300.0732,188845.0
2025-02-21,8550.0,8614.0,8450.0,8506.0498,8180.6729,222132.0
2025-02-24,8450.5,8488.4502,8341.5996,8446.9502,8123.834,275998.0
2025-02-25,8450.0,8468.0996,8365.0498,8417.9004,8095.895,237383.0
2025-02-27,8360.0996,8413.9502,8183.3999,8232.3496,7917.4419,350992.0
2025-02-28,8234.75,8234.75,7886.2998,7902.8999,7600.5947,580155.0
2025-03-03,7934.9502,7998.2998,7679.6001,7714.7998,7419.6899,497052.0
2025-03-04,7652.1001,7680.0,7317.0498,7333.2998,7052.7832,1078953.0
2025-03-05,7332.2002,7443.2998,7301.0,7420.2998,7136.4551,749464.0
2025-03-06,7481.0,7500.0,7376.9502,7462.25,7176.8003,917093.0
2025-03-07,7462.25,7624.0,7451.1001,7574.75,7284.9971,942308.0
2025-03-10,7573.0,7573.0,7352.0,7383.3999,7100.9668,495241.0
2025-03-11,7355.5,7515.9502,7328.0,7499.9502,7213.0586,412703.0
2025-03-12,7499.9502,7569.0,7429.8501,7515.0498,7227.5806,529286.0
2025-03-13,7545.25,7545.25,7415.0,7504.7002,7217.627,454776.0
2025-03-17,7500.0,7611.0,7433.0,7486.0498,7199.6899,286383.0
2025-03-18,7486.0498,7486.0498,7486.0498,7486.0498,7199.6899,0.0
2025-03-19,7674.0,7767.6499,7619.25,7721.8501,7426.4702,409356.0
2025-03-20,7734.9502,7951.9502,7722.0,7920.0,7617.0405,606109.0
2025-03-21,7969.0,8151.0,7938.0,8067.8501,7759.2349,703280.0
2025-03-24,8117.7998,8213.9502,8070.0,8125.5498,7814.7275,453508.0
2025-03-25,8160.0,8167.9502,7952.0,8006.0,7699.751,824076.0
2025-03-26,8014.3501,8047.4502,7910.0,7977.1001,7671.9565,391366.0
2025-03-27,7901.0,8039.1001,7852.25,7974.2998,7669.2632,651971.0
2025-03-28,7970.3999,8024.8999,7810.75,7878.8501,7577.4644,392400.0
2025-04-01,7631.0,8048.0,7631.0,7993.0498,7687.2959,283618.0
2025-04-02,7962.0,8083.7998,7945.0,8072.9502,7764.1396,237191.0
2025-04-03,7940.0498,7940.0498,7840.0,7912.2002,7609.5391,470005.0
2025-04-04,7880.0,7889.8501,7652.25,7685.1001,7391.126,461228.0
2025-04-07,7300.0,7357.5498,7089.3501,7306.7998,7027.2964,469629.0
2025-04-08,7384.5,7529.8501,7345.75,7498.0498,7211.231,259199.0
2025-04-09,7525.4502,7631.2998,7460.5,7572.2998,7282.6406,261256.0
2025-04-11,7719.5,7779.9502,7636.3501,7768.8501,7471.6724,290737.0
2025-04-15,8000.0,8040.0,7828.5,7995.5,7689.6523,387999.0
2025-04-16,7999.0,7999.5,7864.5,7961.5,7656.9526,294161.0
2025-04-17,7994.0,8055.0,7864.5,8018.0,7711.2915,274331.0
2025-04-21,8010.0,8275.0,7950.0,8247.5,7932.0132,285132.0
2025-04-22,8186.0,8186.5,8075.0,8141.0,7829.5869,394636.0
2025-04-23,8111.0,8294.5,8051.0,8261.5,7945.4775,598686.0
2025-04-24,8260.0,8328.0,8169.0,8201.5,7887.7725,322100.0
2025-04-25,8225.0,8259.5,7965.0,8034.0,7726.6797,508224.0
2025-04-28,8034.0,8134.5,7971.0,8096.0,7786.3081,282481.0
2025-04-29,8136.5,8169.5,8020.0,8078.5,7769.4775,228383.0
2025-04-30,8060.0,8077.5,7977.5,8030.0,7722.833,447067.0
2025-05-02,8000.0,8086.0,7803.0,7820.5,7521.3467,379515.0
2025-05-05,7869.5,7964.5,7850.0,7920.5,7617.5215,250175.0
2025-05-06,7930.0,8044.0,7910.0,7945.5,7641.5649,270568.0
2025-05-07,7915.5,7978.0,7811.5,7849.0,7548.7563,459640.0
2025-05-08,7850.5,7869.5,7670.0,7724.5,7429.019,461725.0
2025-05-09,7620.0,7743.5,7612.0,7682.5,7388.6255,248982.0
2025-05-12,7800.0,8048.5,7778.0,8039.5,7731.9692,296774.0
2025-05-13,8039.5,8109.0,7950.0,8063.0,7754.5703,407395.0
2025-05-14,8090.0,8208.0,8032.0,8102.5,7792.5596,225717.0
2025-05-15,8135.0,8366.0,8077.0,8326.0,8007.5103,497959.0
2025-05-16,8350.0,8495.0,8280.0,8482.5,8158.0239,483122.0
2025-05-19,8500.0,8861.5,8492.0,8851.0,8512.4277,858221.0
2025-05-20,8850.0,8850.0,8526.5,8565.0,8237.3682,449936.0
2025-05-21,8608.0,8765.0,8535.5,8687.5,8355.1816,572628.0
2025-05-22,8660.0,8775.5,8512.5,8733.5,8399.4219,916615.0
2025-05-23,8765.0,8838.0,8714.0,8741.0,8406.6357,321989.0
2025-05-26,8784.5,8978.5,8770.0,8958.5,8615.8154,440577.0
2025-05-27,8945.0,9004.5,8900.5,8963.0,8620.1436,401273.0
2025-05-28,8990.0,9007.0,8775.0,8849.0,8510.5039,312080.0
2025-05-29,8907.0,8940.0,8802.0,8874.5,8535.0283,330341.0
2025-05-30,8787.0,8865.0,8585.0,8607.0,8277.7617,1434828.0
2025-06-02,8621.5,8621.5,8415.0,8513.5,8187.8374,457251.0
2025-06-03,8513.0,8600.0,8490.0,8563.0,8235.4443,566074.0
2025-06-04,8550.5,8640.5,8527.0,8563.5,8235.9258,431009.0
2025-06-05,8614.0,8614.0,8509.5,8557.5,8230.1543,381642.0
2025-06-06,8608.0,8685.0,8541.0,8637.0,8306.6133,435024.0
2025-06-09,8680.0,8705.0,8599.5,8641.0,8310.46,443544.0
2025-06-10,8645.0,8664.0,8574.0,8626.0,8296.0342,350288.0
2025-06-11,8635.5,8770.0,8610.0,8719.0,8385.4766,462124.0
2025-06-12,8732.5,8756.0,8540.0,8567.0,8239.291,368162.0
2025-06-13,8460.0,8485.5,8350.0,8463.5,8139.7505,250910.0
2025-06-16,8486.5,8595.0,8451.0,8529.5,8203.2256,203598.0
2025-06-17,8490.0,8554.0,8455.0,8494.5,8169.5645,286217.0
2025-06-18,8505.0,8657.5,8440.5,8468.0,8144.0781,561114.0
2025-06-19,8480.0,8555.0,8451.5,8496.0,8171.0068,332303.0
2025-06-20,8315.0,8403.0,8250.0,8371.0,8254.8271,567646.0
2025-06-23,8275.0,8328.5,8255.0,8286.5,8171.5,271619.0
2025-06-24,8363.0,8424.5,8331.5,8377.0,8260.7441,214129.0
2025-06-25,8407.0,8437.0,8371.0,8389.5,8273.0703,276176.0
2025-06-26,8370.0,8465.0,8361.0,8433.0,8315.9668,371685.0
2025-06-27,8468.0,8507.0,8414.0,8436.0,8318.9258,504248.0
2025-06-30,8470.0,8496.0,8360.0,8376.0,8259.7578,303799.0
2025-07-01,8370.0,8409.0,8300.0,8399.0,8282.4385,363782.0
2025-07-02,8350.0,8409.5,8314.5,8356.5,8240.5283,267604.0
2025-07-03,8378.0,8464.5,8350.0,8382.5,8266.168,175619.0
2025-07-04,8382.0,8450.0,8364.5,8433.0,8315.9668,183720.0
2025-07-07,8433.0,8484.0,8404.0,8463.5,8346.0439,123117.0
2025-07-08,8463.0,8474.0,8291.0,8339.5,8223.7646,253579.0
2025-07-09,8350.0,8376.0,8310.5,8361.0,8244.9658,157280.0
2025-07-10,8394.0,8394.0,8268.0,8285.0,8170.021,229552.0
2025-07-11,8285.5,8300.0,8045.5,8067.0,7955.0464,539579.0
2025-07-14,8090.0,8120.0,8035.5,8087.5,7975.2617,248351.0
2025-07-15,8128.0,8326.0,8090.0,8311.0,8195.6602,366546.0
2025-07-16,8311.0,8345.0,8184.5,8302.5,8187.2778,275493.0
2025-07-17,8278.5,8355.0,8262.5,8330.0,8214.3965,249880.0
2025-07-18,8305.0,8365.0,8305.0,8347.5,8231.6533,268313.0
2025-07-21,8306.0,8450.0,8306.0,8438.5,8321.3906,253964.0
2025-07-22,8470.0,8470.0,8277.0,8295.0,8179.8823,302466.0
2025-07-23,8313.5,8405.0,8290.5,8397.0,8280.4668,194644.0
2025-07-24,8409.5,8435.0,8276.0,8288.5,8173.4722,298692.0
2025-07-25,8275.0,8280.0,8044.5,8075.5,7963.4282,554118.0
2025-07-28,8075.5,8158.0,8075.0,8089.5,7977.2339,232171.0
2025-07-29,8089.5,8146.0,8056.0,8127.5,8014.7065,209998.0
2025-07-30,8090.5,8132.5,8025.0,8043.5,7931.8726,222804.0
2025-07-31,7990.0,8094.0,7930.5,8008.0,7896.8652,297025.0
2025-08-01,8008.0,8091.0,7951.5,8044.5,7932.8584,329818.0
2025-08-04,8044.5,8205.0,8044.5,8187.5,8073.874,221221.0
2025-08-05,8176.0,8236.5,8130.0,8230.5,8116.2773,194083.0
2025-08-06,8269.0,8269.0,8120.0,8178.5,8064.999,515934.0
2025-08-07,8070.0,8249.0,7858.5,8229.0,8114.7979,456168.0
2025-08-08,8229.0,8277.0,8185.0,8224.0,8109.8672,282679.0
2025-08-11,8235.0,8300.0,8132.5,8275.0,8160.1597,180274.0
2025-08-12,8275.5,8321.5,8180.0,8196.5,8082.749,184529.0
2025-08-13,8214.5,8309.5,8189.0,8248.5,8134.0273,367519.0
2025-08-14,8250.0,8280.0,8198.0,8213.5,8099.5132,364270.0
2025-08-18,8400.0,8629.5,8400.0,8588.5,8469.3086,995976.0
2025-08-19,8609.0,8856.0,8586.0,8795.5,8673.4365,1052384.0
2025-08-20,8794.5,8872.5,8763.5,8827.5,8704.9922,490202.0
2025-08-21,8835.0,8869.0,8630.0,8684.5,8563.9766,510564.0
2025-08-22,8684.5,8715.0,8581.0,8679.5,8559.0459,369875.0
2025-08-25,8750.0,8764.0,8633.5,8750.5,8629.0605,360880.0
2025-08-26,8730.0,8825.0,8646.0,8691.5,8570.8799,778390.0
2025-08-28,8798.0,8798.0,8661.0,8689.5,8568.9072,394657.0
2025-08-29,8714.0,8730.0,8571.5,8631.5,8511.7119,344340.0
2025-09-01,8665.0,9037.5,8665.0,8967.0,8842.5557,658701.0
2025-09-02,8970.0,9109.5,8926.0,9030.5,8905.1748,548186.0
2025-09-03,9052.0,9129.5,8992.0,9116.0,8989.4883,322758.0
2025-09-04,9350.0,9353.5,9046.5,9071.0,8945.1123,652617.0
2025-09-05,9117.0,9172.0,9053.0,9084.5,8958.4258,231190.0
2025-09-08,9102.0,9490.0,9073.0,9433.5,9302.582,713087.0
2025-09-09,9390.5,9428.5,9236.5,9383.0,9252.7832,505482.0
2025-09-10,9425.0,9440.0,9180.0,9244.0,9115.7119,454231.0
2025-09-11,9243.5,9243.5,9075.0,9113.5,8987.0234,472941.0
2025-09-12,9115.0,9205.0,8979.5,8999.5,8874.6055,481492.0
2025-09-15,9026.5,9091.5,8964.0,9025.0,8899.751,325549.0
2025-09-16,9032.0,9099.0,9020.0,9072.5,8946.5918,219134.0
2025-09-17,9076.5,9136.0,9070.0,9084.0,8957.9326,172732.0
2025-09-18,9099.5,9115.0,9025.0,9075.0,8949.0576,183574.0
2025-09-19,9050.0,9063.5,8950.5,8971.5,8846.9932,467648.0
2025-09-22,8971.5,9195.0,8959.5,9054.5,8928.8418,525239.0
2025-09-23,9079.0,9225.0,8950.0,8984.5,8859.8135,451186.0
2025-09-24,8990.0,8999.0,8804.0,8839.0,8716.332,240914.0
2025-09-25,8821.0,8910.0,8758.0,8842.5,8719.7842,441002.0
2025-09-26,8830.0,8880.0,8668.0,8702.0,8581.2334,335841.0
2025-09-29,8745.0,8829.0,8675.5,8717.5,8596.5186,394174.0
2025-09-30,8721.0,8769.0,8640.0,8678.5,8558.0596,285609.0
2025-10-01,8720.0,8846.5,8586.5,8626.5,8506.7812,551282.0
2025-10-03,8626.5,8698.5,8491.5,8679.5,8559.0459,915075.0
2025-10-06,8698.0,8803.5,8651.0,8792.0,8669.9844,300715.0
2025-10-07,8800.0,8915.0,8785.5,8904.0,8780.4307,490577.0
2025-10-08,8903.0,8903.0,8750.5,8792.0,8669.9844,408647.0
2025-10-09,8775.0,8817.5,8701.5,8810.0,8687.7354,217161.0
2025-10-10,8816.0,8955.0,8781.5,8946.5,8822.3408,228686.0
2025-10-13,8947.0,9084.0,8917.0,9066.0,8940.1826,374531.0
2025-10-14,9100.0,9120.0,9032.5,9102.5,8976.1758,297332.0
2025-10-15,9106.5,9180.0,8955.5,8998.0,8873.126,300055.0
2025-10-16,9030.0,9177.0,9022.0,9151.5,9024.4951,334619.0
2025-10-17,9150.0,9194.5,9090.5,9150.5,9023.5098,466036.0
2025-10-20,9194.5,9236.5,9100.5,9124.5,8997.8701,303686.0
2025-10-21,9159.5,9165.0,9081.0,9118.0,8991.4609,27642.0
2025-10-23,9136.0,9157.0,9017.0,9047.0,8921.4463,249420.0
2025-10-24,9070.0,9099.0,9012.0,9076.5,8950.5361,332130.0
2025-10-27,9099.5,9115.0,9055.0,9095.5,8969.2725,310061.0
2025-10-28,9100.0,9130.0,9019.0,9057.5,8931.7998,459991.0
2025-10-29,9090.0,9090.0,8960.0,9034.0,8908.626,226605.0
2025-10-30,9034.0,9065.0,8904.5,8923.0,8799.167,250532.0
2025-10-31,8939.5,9051.0,8802.0,8892.5,8769.0898,261013.0
2025-11-03,8900.0,8957.5,8855.0,8922.5,8798.6738,206987.0
2025-11-04,8920.0,8920.0,8713.0,8751.0,8629.5537,517334.0
2025-11-06,8755.0,8820.5,8702.5,8720.5,8599.4766,326774.0
2025-11-07,8720.0,8749.5,8605.0,8721.5,8600.4629,290120.0
2025-11-10,8795.0,8838.0,8685.5,8772.0,8650.2627,992874.0
2025-11-11,8819.0,8945.0,8726.0,8895.0,8771.5557,380748.0
2025-11-12,8935.0,8935.0,8800.0,8868.0,8744.9297,439922.0
2025-11-13,8888.0,8895.5,8842.0,8867.5,8744.4365,276001.0
2025-11-14,8867.5,8867.5,8781.5,8843.0,8720.2773,550371.0
2025-11-17,8850.0,9025.0,8850.0,8945.5,8821.3545,457995.0
2025-11-18,8975.5,8999.0,8900.0,8921.0,8797.1943,276172.0
2025-11-19,8950.0,8975.0,8863.5,8884.5,8761.2012,326292.0
2025-11-20,8924.0,9005.0,8890.0,8979.5,8854.8828,189991.0
2025-11-21,8950.0,8957.5,8862.0,8892.0,8768.5967,320271.0
2025-11-24,8905.0,9049.0,8857.5,9007.5,8882.4941,466198.0
2025-11-25,9025.0,9145.0,9001.0,9048.0,8922.4316,482151.0
2025-11-26,9054.0,9180.0,9028.0,9164.0,9036.8223,354143.0
2025-11-27,9194.0,9254.5,8996.0,9022.5,8897.2861,602295.0
2025-11-28,9031.0,9106.0,8922.0,9073.5,8947.5781,432445.0
2025-12-01,9129.0,9189.5,9055.5,9096.0,8969.7656,449503.0
2025-12-02,9100.0,9142.0,8988.0,9085.5,8959.4111,319833.0
2025-12-03,9085.5,9105.0,8950.0,9000.5,8875.5908,412081.0
2025-12-04,9005.0,9095.0,8988.0,9085.0,8958.9189,275604.0
2025-12-05,9054.0,9130.0,9045.5,9109.0,8982.585,279893.0
2025-12-08,9115.0,9124.5,8956.5,9026.0,8900.7373,299426.0
2025-12-09,8990.0,9034.5,8880.0,8961.0,8836.6396,373015.0
2025-12-10,8961.0,9001.5,8904.0,8991.0,8866.2227,307300.0
2025-12-11,8991.0,9084.0,8961.0,9053.5,8927.8555,136142.0
2025-12-12,9065.0,9089.5,8960.0,9015.0,8889.8896,356060.0
2025-12-15,9040.0,9042.5,8884.0,8940.0,8815.9307,507849.0
2025-12-16,8940.0,9028.0,8891.0,9008.0,8882.9873,278902.0
2025-12-17,9008.0,9009.0,8859.0,8895.0,8771.5557,256364.0
2025-12-18,8891.0,8891.0,8735.0,8831.0,8708.4434,338487.0
2025-12-19,8830.5,9011.0,8827.0,9002.0,8877.0703,215196.0
2025-12-22,9010.0,9185.0,8997.5,9164.0,9036.8223,377385.0
2025-12-23,9184.0,9184.0,9080.0,9099.0,8972.7246,215559.0
2025-12-24,9100.0,9194.5,9070.0,9170.0,9042.7393,167717.0
2025-12-26,9182.5,9185.5,9052.0,9064.5,8938.7031,105815.0
2025-12-29,9069.5,9127.0,9055.5,9087.0,8960.8906,263943.0
2025-12-30,9087.0,9299.0,9025.5,9282.0,9153.1846,464922.0
2025-12-31,9320.0,9398.0,9296.5,9343.0,9213.3379,319864.0
2026-01-01,9365.0,9585.0,9318.5,9558.0,9425.3545,306936.0
2026-01-02,9550.0,9633.0,9310.5,9502.5,9370.624,733651.0
2026-01-05,9520.0,9684.0,9465.0,9497.5,9365.6934,304245.0
2026-01-06,9575.0,9783.5,9543.0,9661.0,9526.9248,503002.0
2026-01-07,9668.0,9807.0,9608.0,9789.5,9653.6416,334802.0
2026-01-08,9799.5,9888.0,9725.0,9760.5,9625.0439,534086.0
2026-01-09,9760.5,9830.0,9538.0,9562.5,9429.792,250994.0
2026-01-12,9562.5,9588.5,9360.0,9491.0,9359.2842,332453.0
2026-01-13,9506.0,9576.5,9458.5,9554.0,9421.4102,229215.0
2026-01-14,9576.0,9610.0,9494.0,9579.5,9446.5557,335206.0
2026-01-15,9579.5,9579.5,9579.5,9579.5,9446.5557,0.0
2026-01-16,9540.0,9616.5,9389.5,9489.0,9357.3115,528450.0
2026-01-19,9489.0,9489.0,9393.5,9429.5,9298.6377,403445.0
2026-01-20,9468.0,9468.0,9155.0,9180.0,9052.5996,385253.0
2026-01-21,9150.0,9255.0,9072.0,9179.0,9051.6143,323092.0
2026-01-22,9225.0,9391.5,9185.5,9370.0,9239.9629,193757.0
2026-01-23,9390.0,9548.0,9335.0,9413.5,9282.8594,204212.0
2026-01-27,9422.0,9506.0,9330.0,9492.0,9360.2705,302065.0
2026-01-28,9500.0,9533.5,9250.0,9433.5,9302.582,342407.0
2026-01-29,9475.0,9533.0,9381.5,9512.0,9379.9922,390096.0
2026-01-30,9497.0,9626.0,9382.5,9597.5,9464.3057,283660.0
2026-02-02,9454.5,9523.0,9250.5,9496.5,9364.708,327240.0
2026-02-03,9933.0,9941.0,9515.0,9595.5,9462.334,573385.0
2026-02-04,9594.0,9725.0,9529.5,9639.0,9505.2305,201083.0
2026-02-05,9640.0,9679.0,9600.0,9647.0,9513.1191,155663.0
2026-02-06,9620.0,9668.0,9471.5,9518.5,9386.4023,198790.0
2026-02-09,9598.0,9626.5,9505.0,9590.0,9456.9102,171033.0
2026-02-10,9605.0,9833.5,9582.5,9774.0,9638.3564,347018.0
2026-02-11,9818.0,9905.5,9796.0,9869.5,9732.5312,324008.0
2026-02-12,9876.5,9930.0,9809.5,9840.0,9703.4404,372062.0
2026-02-13,9800.5,9900.5,9720.0,9760.0,9624.5508,120688.0
2026-02-16,9710.0,9774.5,9643.0,9697.5,9562.918,88321.0
2026-02-17,9651.0,9869.0,9632.5,9826.5,9690.1279,159113.0
2026-02-18,9826.5,10009.0,9804.5,9980.0,9841.498,334455.0
2026-02-19,9991.0,10059.5,9701.0,9729.0,9593.9814,310761.0
2026-02-20,9725.0,9823.0,9670.5,9807.0,9670.8984,291070.0
2026-02-23,9851.0,9930.0,9814.0,9905.5,9768.0312,145464.0
2026-02-24,9875.0,9875.0,9660.0,9829.0,9692.5928,259761.0
2026-02-25,9859.5,10160.0,9839.5,10097.0,9956.874,334366.0
2026-02-26,10146.5,10187.0,10029.5,10110.0,9969.6934,177814.0
2026-02-27,10072.5,10091.5,9940.0,9972.5,9834.1016,231926.0
2026-03-02,9725.5,9941.5,9565.0,9776.0,9640.3291,330330.0
2026-03-04,9516.5,9704.5,9516.5,9652.5,9518.543,319652.0
2026-03-05,9674.5,9853.0,9641.0,9804.5,9668.4336,300749.0
2026-03-06,9780.0,9884.5,9690.0,9816.0,9679.7734,386552.0
2026-03-09,9600.0,9645.5,9351.0,9383.0,9252.7832,334501.0
2026-03-10,9449.5,9637.5,9349.0,9610.0,9476.6328,463535.0
2026-03-11,9575.0,9666.0,9270.0,9327.5,9198.0527,489382.0
2026-03-12,9280.0,9280.0,9080.0,9162.0,9034.8496,390062.0
2026-03-13,9075.0,9119.5,8832.5,8875.0,8751.833,435631.0
2026-03-16,8866.0,9103.5,8742.5,9073.0,8947.085,580318.0
2026-03-17,9100.0,9250.0,9006.5,9110.0,8983.5713,245258.0
2026-03-18,9150.0,9288.0,9136.5,9271.0,9142.3369,247437.0
2026-03-19,9113.5,9150.0,8811.0,8868.5,8745.4229,288162.0
2026-03-20,8957.5,9110.0,8931.5,9051.0,8925.3906,356410.0
2026-03-23,8989.5,8989.5,8752.0,8776.0,8654.207,375189.0
2026-03-24,8900.0,9022.5,8792.0,8898.0,8774.5137,438132.0
2026-03-25,9020.0,9149.5,8981.0,9048.5,8922.9248,438761.0
2026-03-27,8971.5,9004.0,8840.0,8901.0,8777.4717,326675.0
2026-03-30,8810.0,8889.0,8745.0,8781.5,8659.6309,325094.0
2026-04-01,8993.5,9170.0,8870.0,8895.5,8772.0488,416423.0
2026-04-02,8835.5,8835.5,8624.0,8758.5,8636.9492,254975.0
2026-04-06,8778.5,8984.5,8755.0,8942.5,8818.3965,313792.0
2026-04-07,8900.0,9088.0,8800.5,9049.5,8923.9111,376810.0
2026-04-08,9365.0,9501.0,9262.0,9366.0,9236.0186,474100.0
2026-04-09,9455.0,9625.0,9366.0,9517.0,9384.9229,539407.0
2026-04-10,9400.0,9844.0,9399.5,9813.5,9677.3086,738971.0
2026-04-13,9701.5,9851.0,9700.0,9816.0,9679.7734,363886.0
2026-04-15,9901.5,9976.0,9830.0,9865.0,9728.0938,551624.0
2026-04-16,9871.0,9918.5,9746.0,9825.0,9688.6484,479220.0
2026-04-17,9810.0,9830.0,9722.0,9773.5,9637.8633,264575.0
2026-04-20,9773.5,9862.5,9690.0,9803.0,9666.9541,349985.0
2026-04-21,9803.0,9874.0,9741.0,9793.0,9657.0928,291287.0
2026-04-22,9770.5,9790.5,9585.0,9602.0,9468.7432,301870.0
2026-04-23,9575.0,9591.0,9477.0,9550.5,9417.958,444028.0
2026-04-24,9600.0,9663.0,9528.0,9576.0,9443.1045,190469.0
2026-04-27,9642.5,9715.0,9617.0,9662.0,9527.9111,147736.0
2026-04-28,9622.0,9662.5,9475.0,9495.5,9363.7217,256811.0
2026-04-29,9510.0,9709.5,9496.0,9543.5,9411.0557,261656.0
2026-04-30,9515.0,10045.0,9355.0,9994.0,9855.3037,1209264.0
2026-05-01,9994.0,9994.0,9994.0,9994.0,9855.3037,0.0
2026-05-04,10244.0,10477.5,10067.0,10132.0,9991.3887,721598.0
2026-05-05,10131.0,10175.0,10016.0,10046.0,9906.582,233441.0
2026-05-06,10180.0,10390.0,10141.0,10319.0,10175.793,393486.0
2026-05-07,10582.0,10740.0,10324.5,10605.0,10457.8242,1498254.0
2026-05-08,10625.0,10785.0,10540.0,10711.5,10562.8457,375627.0
2026-05-11,10599.0,10650.0,10511.0,10595.5,10448.4561,256703.0
2026-05-12,10550.0,10684.5,10366.0,10397.0,10252.7109,409439.0
2026-05-13,10370.5,10455.0,10220.0,10262.0,10119.584,367905.0
2026-05-14,10380.0,10517.0,10251.5,10451.0,10305.9609,426187.0
2026-05-15,10500.0,10540.5,10296.0,10377.5,10233.4814,227162.0
2026-05-18,10325.0,10326.0,10144.5,10198.5,10056.9658,295753.0
2026-05-19,10198.5,10285.0,10143.0,10205.0,10063.375,151592.0
2026-05-20,10158.0,10483.0,10078.5,10462.5,10317.3018,379649.0
2026-05-21,10544.5,10735.0,10493.5,10667.0,10518.9639,522986.0
2026-05-22,10667.0,10753.0,10537.0,10549.5,10403.0938,207805.0
2026-05-25,10700.0,10770.0,10431.0,10491.0,10345.4062,564521.0
2026-05-26,10530.0,10641.5,10449.0,10593.0,10445.9902,559535.0
2026-05-27,10625.0,10834.0,10580.0,10808.5,10658.5,317630.0
2026-05-28,10808.5,10808.5,10808.5,10808.5,10658.5,0.0
2026-05-29,10650.0,10750.0,10388.5,10460.0,10460.0,483158.0
2026-06-01,10500.0,10619.0,10340.0,10376.0,10376.0,426434.0
2026-06-02,10305.0,10433.0,10260.0,10281.0,10281.0,404046.0
2026-06-03,10281.0,10415.0,10202.0,10259.0,10259.0,355015.0
2026-06-04,10240.0,10452.0,10178.0,10362.0,10362.0,539031.0
2026-06-05,10394.0,10446.0,10317.0,10342.0,10342.0,247150.0
2026-06-08,10251.0,10305.0,10171.0,10231.0,10231.0,127982.0
2026-06-09,10280.0,10344.0,10150.0,10184.0,10184.0,313286.0
2026-06-10,10229.0,10293.0,10124.0,10144.0,10144.0,293698.0
2026-06-11,10127.0,10255.0,10081.0,10114.0,10114.0,191419.0
2026-06-12,10226.0,10250.0,9922.0,10063.0,10063.0,386190.0
2026-06-15,10164.0,10178.0,9930.0,9943.0,9943.0,400018.0
2026-06-16,9992.0,9993.0,9902.0,9939.0,9939.0,203949.0
2026-06-17,9980.0,10074.0,9932.0,10042.0,10042.0,302387.0
2026-06-18,10049.0,10100.0,10001.0,10077.0,10077.0,219879.0
2026-06-19,10134.0,10134.0,9936.0,10066.0,10066.0,739358.0
2026-06-22,10116.0,10268.0,10088.0,10191.0,10191.0,834191.0
2026-06-23,10249.0,10259.0,9949.0,10025.0,10025.0,551711.0
2026-06-24,9838.0,9910.0,9732.0,9750.0,9750.0,426013.0
2026-06-25,9775.0,9930.0,9769.0,9843.0,9843.0,352943.0
2026-06-26,9843.0,9843.0,9843.0,9843.0,9843.0,0.0
2026-06-29,9874.0,9893.0,9605.0,9630.0,9630.0,515976.0
2026-06-30,9665.0,9750.0,9501.0,9716.0,9716.0,430959.0
2026-07-01,9762.0,9900.0,9762.0,9842.0,9842.0,200437.0
2026-07-02,9975.0,9998.0,9716.0,9857.0,9857.0,423525.0
2026-07-03,9899.0,9925.0,9771.0,9785.5,9785.5,145310.0
2026-07-06,9800.0,10058.0,9785.5,10036.5,10036.5,265284.0
2026-07-07,10040.0,10190.0,10020.5,10109.5,10109.5,172975.0
2026-07-08,10070.0,10264.5,9993.0,10164.0,10164.0,249351.0
2026-07-09,10176.0,10260.0,10112.0,10155.0,10155.0,191190.0
2026-07-10,10177.5,10298.0,10115.0,10156.0,10156.0,354772.0
2026-07-13,10080.0,10442.0,10030.5,10381.0,10381.0,1009236.0
2026-07-14,10212.5,10374.0,10145.5,10166.0,10166.0,802768.0
2026-07-15,10200.0,10369.0,10200.0,10323.0,10323.0,451477.0
2026-07-16,10323.0,10395.0,10278.0,10331.5,10331.5,407238.0
2026-07-17,10366.0,10499.0,10350.0,10443.0,10443.0,426656.0
2026-07-20,10443.0,10535.0,10401.5,10522.5,10522.5,335474.0
2026-07-21,10525.0,10560.0,10342.5,10403.5,10403.5,834319.0
2026-07-22,10610.0,11031.0,10575.0,10998.5,10998.5,1448948.0
2026-07-23,10999.5,11331.0,10967.0,11283.5,11283.5,1025555.0
2026-07-24,11229.0,11320.0,11100.0,11130.0,11130.0,442440.0
2026-07-27,11200.5,11251.0,11094.0,11183.5,11183.5,270544.0
2026-07-28,11176.5,11410.5,11156.0,11374.0,11374.0,357417.0
2026-07-29,11440.0,11532.0,11290.0,11338.0,11338.0,455484.0
2026-07-30,11338.0,11525.0,11305.5,11432.0,11432.0,295600.0
2026-07-31,11475.0,11590.0,11329.5,11520.5,11520.5,214380.0
2026-08-03,11575.0,11856.0,11456.0,11856.0,11856.0,281232.0
2026-08-04,11750.0,11751.0,11541.0,11600.0,11600.0,307958.0
2026-08-05,11665.0,11800.0,11580.0,11800.0,11800.0,382721.0
2026-08-06,11748.0,11778.0,11549.0,11620.0,11620.0,250127.0
2026-08-07,11580.0,11730.0,11574.0,11662.0,11662.0,208968.0
2026-08-10,11662.0,11786.0,11615.0,11677.0,11677.0,199134.0
2026-08-11,11734.0,11863.0,11615.0,11717.0,11717.0,268237.0
2026-08-12,11729.0,11819.0,11678.0,11700.0,11700.0,236192.0
2026-08-13,11707.0,11750.0,11607.0,11661.0,11661.0,138796.0
2026-08-14,11698.0,11785.0,11665.0,11700.0,11700.0,241415.0
2026-08-17,11700.0,11808.0,11663.0,11663.0,11663.0,181692.0
2026-08-18,11700.0,11768.0,11581.0,11607.0,11607.0,237816.0
2026-08-19,11607.0,11722.0,11534.0,11645.0,11645.0,222810.0
2026-08-20,11700.0,11793.0,11620.0,11793.0,11793.0,151383.0
2026-08-21,11790.0,11790.0,11660.0,11700.0,11700.0,221616.0
2026-08-24,11735.0,11838.0,11711.0,11800.0,11800.0,221901.0
2026-08-25,11800.0,11927.0,11722.0,11927.0,11927.0,159272.0
2026-08-26,11910.0,11924.0,11724.0,11724.0,11724.0,166838.0
2026-08-27,11750.0,11822.0,11618.0,11720.0,11720.0,221294.0
2026-08-28,11810.0,11974.0,11769.0,11910.0,11910.0,262591.0
2026-08-31,11910.0,12130.0,11877.0,12130.0,12130.0,355561.0
2026-09-01,12180.0,12470.0,12090.0,12361.0,12361.0,495029.0
2026-09-02,12211.0,12275.0,11925.0,12130.0,12130.0,333619.0
2026-09-03,12191.0,12191.0,11920.0,11920.0,11920.0,304296.0
2026-09-04,12005.0,12025.0,11873.0,11919.0,11919.0,154199.0
2026-09-07,11810.0,11860.0,11727.0,11800.0,11800.0,106111.0
2026-09-08,11727.0,11883.0,11716.0,11880.0,11880.0,192942.0
2026-09-09,11841.0,11896.0,11740.0,11790.0,11790.0,119472.0
2026-09-10,11771.0,11820.0,11673.0,11768.0,11768.0,121394.0
2026-09-11,11624.0,11723.0,11529.0,11678.0,11678.0,214731.0
2026-09-14,11678.0,11678.0,11678.0,11678.0,11678.0,0.0
2026-09-15,11693.0,11709.0,11416.0,11424.0,11424.0,236796.0
2026-09-16,11425.0,11596.0,11379.0,11593.0,11593.0,305528.0
2026-09-17,11568.0,11576.0,11435.0,11500.0,11500.0,129351.0
2026-09-18,11501.0,11540.0,11406.0,11414.0,11414.0,296757.0
2026-09-21,11470.0,11533.0,11450.0,11460.0,11460.0,93033.0
2026-09-22,11460.0,11515.0,11281.0,11363.0,11363.0,154756.0
2026-09-23,11363.0,11425.0,11293.0,11400.0,11400.0,158704.0
2026-09-24,11341.0,11383.0,11201.0,11208.0,11208.0,106766.0
2026-09-25,11245.0,11332.0,11212.0,11281.0,11281.0,121620.0
2026-09-28,11250.0,11270.0,10953.0,11024.0,11024.0,241334.0
2026-09-29,11016.0,11020.0,10805.0,10811.0,10811.0,527929.0
2026-09-30,10779.0,10953.0,10779.0,10874.0,10874.0,313712.0
2026-10-01,10701.0,10714.0,9900.0,10045.0,10045.0,1491300.0
